[
  {
    "number": "517",
    "title": "Woven rose",
    "image": "images/517_woven_rose.png"
  },
  {
    "number": "516",
    "title": "Pussy licking",
    "image": "images/516_pussy_licking.png"
  },
  {
    "number": "515",
    "title": "Crazy train",
    "image": "images/515_crazy_train.png"
  },
  {
    "number": "514",
    "title": "Special fellatio",
    "image": "images/514_special_fellatio.png"
  },
  {
    "number": "513",
    "title": "Wheelbarrow",
    "image": "images/513_wheelbarrow_-_2.png"
  },
  {
    "number": "512",
    "title": "Venus flytrap",
    "image": "images/512_venus_flytrap.png"
  },
  {
    "number": "511",
    "title": "Donkey punch",
    "image": "images/511_donkey_punch.png"
  },
  {
    "number": "510",
    "title": "Dream",
    "image": "images/510_dream.png"
  },
  {
    "number": "509",
    "title": "Tea bag",
    "image": "images/509_tea_bag_-_2.png"
  },
  {
    "number": "508",
    "title": "Houdini",
    "image": "images/508_houdini.png"
  },
  {
    "number": "507",
    "title": "Butler",
    "image": "images/507_butler.png"
  },
  {
    "number": "506",
    "title": "Crazy monkey",
    "image": "images/506_crazy_monkey.png"
  },
  {
    "number": "505",
    "title": "Weird fantasy",
    "image": "images/505_weird_fantasy.png"
  },
  {
    "number": "504",
    "title": "Breeze",
    "image": "images/504_breeze.png"
  },
  {
    "number": "503",
    "title": "Insatiable clitoris",
    "image": "images/503_insatiable_clitoris.png"
  },
  {
    "number": "502",
    "title": "Khaleesi",
    "image": "images/502_khaleesi.png"
  },
  {
    "number": "501",
    "title": "Curiosity",
    "image": "images/501_curiosity.png"
  },
  {
    "number": "500",
    "title": "Anna",
    "image": "images/500_anna.png"
  },
  {
    "number": "499",
    "title": "Pearl",
    "image": "images/499_pearl.png"
  },
  {
    "number": "498",
    "title": "Crazy doggy",
    "image": "images/498_crazy_doggy.png"
  },
  {
    "number": "497",
    "title": "Tantra chair",
    "image": "images/497_tantra_chair.png"
  },
  {
    "number": "496",
    "title": "Doggy on the edge",
    "image": "images/496_doggy_on_the_edge_-_2.png"
  },
  {
    "number": "495",
    "title": "Ghetto",
    "image": "images/495_ghetto.png"
  },
  {
    "number": "494",
    "title": "Twerk on dick",
    "image": "images/494_twerk_on_dick.png"
  },
  {
    "number": "490",
    "title": "Snake charmer",
    "image": "images/490_snake_charmer.png"
  },
  {
    "number": "489",
    "title": "Chibi",
    "image": "images/489_chibi.png"
  },
  {
    "number": "488",
    "title": "Hot carl",
    "image": "images/488_hot_carl.png"
  },
  {
    "number": "487",
    "title": "Apex",
    "image": "images/487_apex.png"
  },
  {
    "number": "486",
    "title": "Source",
    "image": "images/486_source.png"
  },
  {
    "number": "485",
    "title": "Descent",
    "image": "images/485_descent.png"
  },
  {
    "number": "484",
    "title": "Licking master",
    "image": "images/484_licking_master.png"
  },
  {
    "number": "483",
    "title": "Catapult",
    "image": "images/483_catapult.png"
  },
  {
    "number": "482",
    "title": "Stickman",
    "image": "images/482_stickman.png"
  },
  {
    "number": "481",
    "title": "New 69 on the chair",
    "image": "images/481_new_69_on_the_chair.png"
  },
  {
    "number": "480",
    "title": "Juicy ass",
    "image": "images/480_juicy_ass.png"
  },
  {
    "number": "479",
    "title": "Ladies man",
    "image": "images/479_ladies_man.png"
  },
  {
    "number": "478",
    "title": "Exciting game",
    "image": "images/478_exciting_game.png"
  },
  {
    "number": "477",
    "title": "Tea bag",
    "image": "images/477_tea_bag.png"
  },
  {
    "number": "476",
    "title": "Harp",
    "image": "images/476_harp.png"
  },
  {
    "number": "475",
    "title": "Funny joke",
    "image": "images/475_funny_joke.png"
  },
  {
    "number": "474",
    "title": "Slope",
    "image": "images/474_slope.png"
  },
  {
    "number": "473",
    "title": "Loop",
    "image": "images/473_loop.png"
  },
  {
    "number": "472",
    "title": "Pinwheel",
    "image": "images/472_pinwheel.png"
  },
  {
    "number": "471",
    "title": "Gimlet",
    "image": "images/471_gimlet.png"
  },
  {
    "number": "470",
    "title": "Relaxation",
    "image": "images/470_relaxation.png"
  },
  {
    "number": "469",
    "title": "Tight pussy",
    "image": "images/469_tight_pussy.png"
  },
  {
    "number": "468",
    "title": "Niagara falls",
    "image": "images/468_niagara_falls.png"
  },
  {
    "number": "467",
    "title": "Rocket",
    "image": "images/467_rocket.png"
  },
  {
    "number": "466",
    "title": "Satyr",
    "image": "images/466_satyr.png"
  },
  {
    "number": "465",
    "title": "Knight",
    "image": "images/465_knight.png"
  },
  {
    "number": "464",
    "title": "Hood",
    "image": "images/464_hood.png"
  },
  {
    "number": "463",
    "title": "Mountain creek",
    "image": "images/463_mountain_creek.png"
  },
  {
    "number": "462",
    "title": "Hill",
    "image": "images/462_hill.png"
  },
  {
    "number": "461",
    "title": "Wrestling",
    "image": "images/461_wrestling.png"
  },
  {
    "number": "460",
    "title": "Look to the sky",
    "image": "images/460_look_to_the_sky.png"
  },
  {
    "number": "459",
    "title": "Passive doggy",
    "image": "images/459_passive_doggy.png"
  },
  {
    "number": "458",
    "title": "Jack",
    "image": "images/458_jack.png"
  },
  {
    "number": "457",
    "title": "Chameleon",
    "image": "images/457_chameleon.png"
  },
  {
    "number": "456",
    "title": "Skewer",
    "image": "images/456_skewer.png"
  },
  {
    "number": "455",
    "title": "Saddle",
    "image": "images/455_saddle.png"
  },
  {
    "number": "454",
    "title": "Worship",
    "image": "images/454_worship.png"
  },
  {
    "number": "453",
    "title": "Tangle",
    "image": "images/453_tangle.png"
  },
  {
    "number": "452",
    "title": "Bermuda triangle",
    "image": "images/452_bermuda_triangle.png"
  },
  {
    "number": "451",
    "title": "Counterblow",
    "image": "images/451_counterblow.png"
  },
  {
    "number": "450",
    "title": "Comfortable place",
    "image": "images/450_comfortable_place.png"
  },
  {
    "number": "449",
    "title": "Julia",
    "image": "images/449_julia.png"
  },
  {
    "number": "448",
    "title": "Orgazmic penetration",
    "image": "images/448_orgazmic_penetration.png"
  },
  {
    "number": "447",
    "title": "Flexible beauty",
    "image": "images/447_flexible_beauty.png"
  },
  {
    "number": "446",
    "title": "Bomb",
    "image": "images/446_bomb.png"
  },
  {
    "number": "445",
    "title": "Midnight",
    "image": "images/445_midnight.png"
  },
  {
    "number": "444",
    "title": "Plank",
    "image": "images/444_plank.png"
  },
  {
    "number": "443",
    "title": "Stuntman",
    "image": "images/443_stuntman.png"
  },
  {
    "number": "442",
    "title": "Wild pony",
    "image": "images/442_wild_pony.png"
  },
  {
    "number": "441",
    "title": "Overturned",
    "image": "images/441_overturned.png"
  },
  {
    "number": "440",
    "title": "Thors hammer",
    "image": "images/440_thors_hammer.png"
  },
  {
    "number": "439",
    "title": "Cowgirl on the chair",
    "image": "images/439_cowgirl_on_the_chair.png"
  },
  {
    "number": "438",
    "title": "Magic carpet",
    "image": "images/438_magic_carpet.png"
  },
  {
    "number": "437",
    "title": "G force",
    "image": "images/437_g_force.png"
  },
  {
    "number": "436",
    "title": "Snack",
    "image": "images/436_snack.png"
  },
  {
    "number": "435",
    "title": "Sweet pussy",
    "image": "images/435_sweet_pussy.png"
  },
  {
    "number": "434",
    "title": "Titanic",
    "image": "images/434_titanic.png"
  },
  {
    "number": "433",
    "title": "Bung",
    "image": "images/433_bung.png"
  },
  {
    "number": "432",
    "title": "Fireworks",
    "image": "images/432_fireworks.png"
  },
  {
    "number": "431",
    "title": "Car mechanic",
    "image": "images/431_car_mechanic.png"
  },
  {
    "number": "430",
    "title": "Catch",
    "image": "images/430_catch.png"
  },
  {
    "number": "429",
    "title": "Deep stick",
    "image": "images/429_deep_stick.png"
  },
  {
    "number": "428",
    "title": "Sea Horse",
    "image": "images/428_sea_horse.png"
  },
  {
    "number": "427",
    "title": "Star wars",
    "image": "images/427_star_wars.png"
  },
  {
    "number": "426",
    "title": "Barbie",
    "image": "images/426_barbie.png"
  },
  {
    "number": "425",
    "title": "Nosedive",
    "image": "images/425_nosedive.png"
  },
  {
    "number": "424",
    "title": "Tugboat",
    "image": "images/424_tugboat.png"
  },
  {
    "number": "423",
    "title": "Moan",
    "image": "images/423_moan.png"
  },
  {
    "number": "422",
    "title": "Keeper",
    "image": "images/422_keeper.png"
  },
  {
    "number": "421",
    "title": "Spanish sunset",
    "image": "images/421_spanish_sunset.png"
  },
  {
    "number": "420",
    "title": "Straight line",
    "image": "images/420_straight_line.png"
  },
  {
    "number": "419",
    "title": "V formation",
    "image": "images/419_v_formation.png"
  },
  {
    "number": "418",
    "title": "Delicacy",
    "image": "images/418_delicacy.png"
  },
  {
    "number": "417",
    "title": "Face sitting",
    "image": "images/417_face_sitting.png"
  },
  {
    "number": "416",
    "title": "Equilibrium",
    "image": "images/416_equilibrium.png"
  },
  {
    "number": "415",
    "title": "Penguin",
    "image": "images/415_penguin.png"
  },
  {
    "number": "414",
    "title": "Mexican style",
    "image": "images/414_mexican_style.png"
  },
  {
    "number": "413",
    "title": "Full nelson",
    "image": "images/413_full_nelson.png"
  },
  {
    "number": "412",
    "title": "Adventurer",
    "image": "images/412_adventurer.png"
  },
  {
    "number": "411",
    "title": "Triceratops",
    "image": "images/411_triceratops.png"
  },
  {
    "number": "410",
    "title": "Riverside",
    "image": "images/410_riverside.png"
  },
  {
    "number": "409",
    "title": "Punishment",
    "image": "images/409_punishment.png"
  },
  {
    "number": "408",
    "title": "Holiday",
    "image": "images/408_holiday.png"
  },
  {
    "number": "407",
    "title": "Amateur",
    "image": "images/407_amateur.png"
  },
  {
    "number": "406",
    "title": "Oasis",
    "image": "images/406_oasis.png"
  },
  {
    "number": "405",
    "title": "Inventive 69",
    "image": "images/405_inventive_69.png"
  },
  {
    "number": "404",
    "title": "Close breathing",
    "image": "images/404_close_breathing.png"
  },
  {
    "number": "403",
    "title": "Rare trick",
    "image": "images/403_rare_trick.png"
  },
  {
    "number": "402",
    "title": "Hummingbird",
    "image": "images/402_hummingbird.png"
  },
  {
    "number": "401",
    "title": "Titanic \u2013 2",
    "image": "images/401_titanic_-_2.png"
  },
  {
    "number": "400",
    "title": "Orgazm generator",
    "image": "images/400_orgazm_generator.png"
  },
  {
    "number": "399",
    "title": "Sweet sin",
    "image": "images/399_sweet_sin.png"
  },
  {
    "number": "398",
    "title": "Night-fly",
    "image": "images/398_night-fly.png"
  },
  {
    "number": "397",
    "title": "Abyss",
    "image": "images/397_abyss.png"
  },
  {
    "number": "396",
    "title": "Dive",
    "image": "images/396_dive.png"
  },
  {
    "number": "395",
    "title": "Dirty sanchez",
    "image": "images/395_dirty_sanchez.png"
  },
  {
    "number": "394",
    "title": "Cowgirl on the table",
    "image": "images/394_cowgirl_on_the_table.png"
  },
  {
    "number": "393",
    "title": "Erotic poster",
    "image": "images/393_erotic_poster.png"
  },
  {
    "number": "392",
    "title": "Coffee table",
    "image": "images/392_coffee_table.png"
  },
  {
    "number": "391",
    "title": "Ebony",
    "image": "images/391_ebony.png"
  },
  {
    "number": "390",
    "title": "Playboy",
    "image": "images/390_playboy.png"
  },
  {
    "number": "389",
    "title": "Hunger",
    "image": "images/389_hunger.png"
  },
  {
    "number": "388",
    "title": "Need for Speed",
    "image": "images/388_need_for_speed.png"
  },
  {
    "number": "387",
    "title": "Legs in the air",
    "image": "images/387_legs_in_the_air.png"
  },
  {
    "number": "386",
    "title": "Chinese art",
    "image": "images/386_chinese_art.png"
  },
  {
    "number": "385",
    "title": "Crazy blowjob",
    "image": "images/385_crazy_blowjob.png"
  },
  {
    "number": "384",
    "title": "Slide",
    "image": "images/384_slide.png"
  },
  {
    "number": "383",
    "title": "Backrest",
    "image": "images/383_backrest.png"
  },
  {
    "number": "382",
    "title": "Screw",
    "image": "images/382_screw.png"
  },
  {
    "number": "381",
    "title": "Conqueror",
    "image": "images/381_conqueror.png"
  },
  {
    "number": "380",
    "title": "Apologies",
    "image": "images/380_apologies.png"
  },
  {
    "number": "378",
    "title": "Air rider",
    "image": "images/378_air_rider.png"
  },
  {
    "number": "377",
    "title": "Wedge",
    "image": "images/377_wedge.png"
  },
  {
    "number": "376",
    "title": "Fairy",
    "image": "images/376_fairy.png"
  },
  {
    "number": "375",
    "title": "Amazing meeting",
    "image": "images/375_amazing_meeting.png"
  },
  {
    "number": "373",
    "title": "Kitchen",
    "image": "images/373_kitchen.png"
  },
  {
    "number": "372",
    "title": "Multiply Pleasure",
    "image": "images/372_multiply_pleasure.png"
  },
  {
    "number": "371",
    "title": "Military style",
    "image": "images/371_military_style.png"
  },
  {
    "number": "370",
    "title": "Nasty desire",
    "image": "images/370_nasty_desire.png"
  },
  {
    "number": "369",
    "title": "Milk chocolate",
    "image": "images/369_milk_chocolate.png"
  },
  {
    "number": "368",
    "title": "Dirty dancing",
    "image": "images/368_dirty_dancing.png"
  },
  {
    "number": "367",
    "title": "Harness",
    "image": "images/367_harness.png"
  },
  {
    "number": "366",
    "title": "Downstroke",
    "image": "images/366_downstroke.png"
  },
  {
    "number": "365",
    "title": "French Kiss",
    "image": "images/365_french_kiss.png"
  },
  {
    "number": "364",
    "title": "Snow angel",
    "image": "images/364_snow_angel.png"
  },
  {
    "number": "362",
    "title": "Courtesan",
    "image": "images/362_courtesan.png"
  },
  {
    "number": "361",
    "title": "Kinky spider",
    "image": "images/361_kinky_spider.png"
  },
  {
    "number": "360",
    "title": "Hard worker",
    "image": "images/360_hard_worker.png"
  },
  {
    "number": "359",
    "title": "Pterodactyl",
    "image": "images/359_pterodactyl.png"
  },
  {
    "number": "358",
    "title": "Shy girl",
    "image": "images/358_shy_girl.png"
  },
  {
    "number": "357",
    "title": "Butter Churner",
    "image": "images/357_butter_churner.png"
  },
  {
    "number": "356",
    "title": "Lazy evening",
    "image": "images/356_lazy_evening.png"
  },
  {
    "number": "355",
    "title": "Bowstring",
    "image": "images/355_bowstring.png"
  },
  {
    "number": "354",
    "title": "Compliment",
    "image": "images/354_compliment.png"
  },
  {
    "number": "353",
    "title": "Captivity",
    "image": "images/353_captivity.png"
  },
  {
    "number": "352",
    "title": "Weightlessness",
    "image": "images/352_weightlessness.png"
  },
  {
    "number": "351",
    "title": "Appetite",
    "image": "images/351_appetite.png"
  },
  {
    "number": "350",
    "title": "XXX",
    "image": "images/350_xxx.png"
  },
  {
    "number": "349",
    "title": "Moonlight",
    "image": "images/349_moonlight.png"
  },
  {
    "number": "348",
    "title": "Tulip",
    "image": "images/348_tulip.png"
  },
  {
    "number": "347",
    "title": "Guillotine",
    "image": "images/347_guillotine.png"
  },
  {
    "number": "346",
    "title": "Spanish guitar",
    "image": "images/346_spanish_guitar.png"
  },
  {
    "number": "345",
    "title": "Pie in the sky",
    "image": "images/345_pie_in_the_sky.png"
  },
  {
    "number": "344",
    "title": "Recharge",
    "image": "images/344_recharge.png"
  },
  {
    "number": "343",
    "title": "American Pie",
    "image": "images/343_american_pie.png"
  },
  {
    "number": "342",
    "title": "Silence",
    "image": "images/342_silence.png"
  },
  {
    "number": "341",
    "title": "Deep throat",
    "image": "images/341_deep_throat.png"
  },
  {
    "number": "340",
    "title": "Chili dog",
    "image": "images/340_chili_dog.png"
  },
  {
    "number": "339",
    "title": "Temptation",
    "image": "images/339_temptation.png"
  },
  {
    "number": "338",
    "title": "Contortionist",
    "image": "images/338_contortionist.png"
  },
  {
    "number": "337",
    "title": "Dutch oven",
    "image": "images/337_dutch_oven.png"
  },
  {
    "number": "336",
    "title": "Back door",
    "image": "images/336_back_door.png"
  },
  {
    "number": "335",
    "title": "Tug of war",
    "image": "images/335_tug_of_war.png"
  },
  {
    "number": "334",
    "title": "Fulcrum",
    "image": "images/334_fulcrum.png"
  },
  {
    "number": "493",
    "title": "Column",
    "image": "images/493_column.png"
  },
  {
    "number": "492",
    "title": "Shocker",
    "image": "images/492_shocker.png"
  },
  {
    "number": "491",
    "title": "Drum",
    "image": "images/491_drum.png"
  },
  {
    "number": "333",
    "title": "Chairman",
    "image": "images/333_chairman.png"
  },
  {
    "number": "332",
    "title": "Astrologer",
    "image": "images/332_astrologer.png"
  },
  {
    "number": "331",
    "title": "Soft chair",
    "image": "images/331_soft_chair.png"
  },
  {
    "number": "330",
    "title": "Louise",
    "image": "images/330_louise.png"
  },
  {
    "number": "329",
    "title": "Holder",
    "image": "images/329_holder.png"
  },
  {
    "number": "328",
    "title": "Deck chair",
    "image": "images/328_deck_chair.png"
  },
  {
    "number": "327",
    "title": "Slow dance",
    "image": "images/327_slow_dance.png"
  },
  {
    "number": "326",
    "title": "Fallen warrior",
    "image": "images/326_fallen_warrior.png"
  },
  {
    "number": "325",
    "title": "Zodiac",
    "image": "images/325_zodiac.png"
  },
  {
    "number": "324",
    "title": "Superwoman",
    "image": "images/324_superwoman.png"
  },
  {
    "number": "323",
    "title": "Truck",
    "image": "images/323_truck.png"
  },
  {
    "number": "322",
    "title": "Canadian",
    "image": "images/322_canadian.png"
  },
  {
    "number": "321",
    "title": "Cobra",
    "image": "images/321_cobra.png"
  },
  {
    "number": "320",
    "title": "Tantric cosmo",
    "image": "images/320_tantric_cosmo.png"
  },
  {
    "number": "319",
    "title": "Watermelon",
    "image": "images/319_watermelon.png"
  },
  {
    "number": "318",
    "title": "Rear admiral",
    "image": "images/318_rear_admiral.png"
  },
  {
    "number": "317",
    "title": "Merger",
    "image": "images/317_merger.png"
  },
  {
    "number": "316",
    "title": "Low doggy",
    "image": "images/316_low_doggy.png"
  },
  {
    "number": "315",
    "title": "Sucker Punch",
    "image": "images/315_sucker_punch.png"
  },
  {
    "number": "314",
    "title": "St. Valentine\u2019s Day",
    "image": "images/314_st._valentines_day.png"
  },
  {
    "number": "313",
    "title": "Chef",
    "image": "images/313_chef.png"
  },
  {
    "number": "312",
    "title": "Jamaican cocktail",
    "image": "images/312_jamaican_cocktail.png"
  },
  {
    "number": "311",
    "title": "Fantastic elevator",
    "image": "images/311_fantastic_elevator.png"
  },
  {
    "number": "310",
    "title": "Swing \u2013 2",
    "image": "images/310_swing_-_2.png"
  },
  {
    "number": "309",
    "title": "Grasshopper",
    "image": "images/309_grasshopper.png"
  },
  {
    "number": "308",
    "title": "Banana Split",
    "image": "images/308_banana_split.png"
  },
  {
    "number": "307",
    "title": "Desert island",
    "image": "images/307_desert_island.png"
  },
  {
    "number": "306",
    "title": "Low start",
    "image": "images/306_low_start.png"
  },
  {
    "number": "305",
    "title": "Bent cowgirl",
    "image": "images/305_bent_cowgirl.png"
  },
  {
    "number": "304",
    "title": "Reverse connection",
    "image": "images/304_reverse_connection.png"
  },
  {
    "number": "303",
    "title": "Pokemon",
    "image": "images/303_pokemon.png"
  },
  {
    "number": "302",
    "title": "Launch Pad",
    "image": "images/302_launch_pad.png"
  },
  {
    "number": "301",
    "title": "Feeder",
    "image": "images/301_feeder.png"
  },
  {
    "number": "300",
    "title": "Pleasure Bible",
    "image": "images/300_pleasure_bible.png"
  },
  {
    "number": "299",
    "title": "Nice talk",
    "image": "images/299_nice_talk.png"
  },
  {
    "number": "298",
    "title": "Vulgar chair",
    "image": "images/298_vulgar_chair.png"
  },
  {
    "number": "297",
    "title": "Apollo",
    "image": "images/297_apollo.png"
  },
  {
    "number": "296",
    "title": "Awesome idea",
    "image": "images/296_awesome_idea.png"
  },
  {
    "number": "295",
    "title": "Iron throne",
    "image": "images/295_iron_throne.png"
  },
  {
    "number": "294",
    "title": "Plumber",
    "image": "images/294_plumber.png"
  },
  {
    "number": "293",
    "title": "Shameless",
    "image": "images/293_shameless.png"
  },
  {
    "number": "292",
    "title": "Necktie",
    "image": "images/292_necktie.png"
  },
  {
    "number": "291",
    "title": "Flying dutchman",
    "image": "images/291_flying_dutchman.png"
  },
  {
    "number": "290",
    "title": "Throat swab",
    "image": "images/290_throat_swab.png"
  },
  {
    "number": "289",
    "title": "X factor",
    "image": "images/289_x_factor.png"
  },
  {
    "number": "288",
    "title": "Hottest lover",
    "image": "images/288_hottest_lover.png"
  },
  {
    "number": "287",
    "title": "Tight vagina",
    "image": "images/287_tight_vagina.png"
  },
  {
    "number": "286",
    "title": "Secret entrance",
    "image": "images/286_secret_entrance.png"
  },
  {
    "number": "285",
    "title": "Wild yoga",
    "image": "images/285_wild_yoga.png"
  },
  {
    "number": "284",
    "title": "Birthday party",
    "image": "images/284_birthday_party.png"
  },
  {
    "number": "283",
    "title": "Lizard",
    "image": "images/283_lizard.png"
  },
  {
    "number": "282",
    "title": "Side saddle",
    "image": "images/282_side_saddle.png"
  },
  {
    "number": "281",
    "title": "Exotic foreplay",
    "image": "images/281_exotic_foreplay.png"
  },
  {
    "number": "280",
    "title": "Doggy on the edge",
    "image": "images/280_doggy_on_the_edge.png"
  },
  {
    "number": "279",
    "title": "Russian roulette",
    "image": "images/279_russian_roulette.png"
  },
  {
    "number": "278",
    "title": "Fantasy",
    "image": "images/278_fantasy.png"
  },
  {
    "number": "277",
    "title": "Spark",
    "image": "images/277_spark.png"
  },
  {
    "number": "276",
    "title": "Propeller",
    "image": "images/276_propeller.png"
  },
  {
    "number": "275",
    "title": "Seashell",
    "image": "images/275_seashell.png"
  },
  {
    "number": "274",
    "title": "Sensual touch",
    "image": "images/274_sensual_touch.png"
  },
  {
    "number": "273",
    "title": "Cave",
    "image": "images/273_cave.png"
  },
  {
    "number": "272",
    "title": "Brazilian Capoeira",
    "image": "images/272_brazilian_capoeira.png"
  },
  {
    "number": "271",
    "title": "Princess",
    "image": "images/271_princess.png"
  },
  {
    "number": "270",
    "title": "Giraffe",
    "image": "images/270_giraffe.png"
  },
  {
    "number": "269",
    "title": "Rock and roll",
    "image": "images/269_rock_and_roll.png"
  },
  {
    "number": "268",
    "title": "Backstroke",
    "image": "images/268_backstroke.png"
  },
  {
    "number": "267",
    "title": "Zeal",
    "image": "images/267_zeal.png"
  },
  {
    "number": "266",
    "title": "Supernova",
    "image": "images/266_supernova.png"
  },
  {
    "number": "265",
    "title": "Spicy dish",
    "image": "images/265_spicy_dish.png"
  },
  {
    "number": "264",
    "title": "Sleeping beauty",
    "image": "images/264_sleeping_beauty.png"
  },
  {
    "number": "263",
    "title": "Pioneer",
    "image": "images/263_pioneer.png"
  },
  {
    "number": "262",
    "title": "Sower",
    "image": "images/262_sower.png"
  },
  {
    "number": "261",
    "title": "Special breakfast",
    "image": "images/261_special_breakfast.png"
  },
  {
    "number": "260",
    "title": "Tight Squeeze",
    "image": "images/260_tight_squeeze.png"
  },
  {
    "number": "259",
    "title": "Froggy style",
    "image": "images/259_froggy_style.png"
  },
  {
    "number": "258",
    "title": "Knot",
    "image": "images/258_knot.png"
  },
  {
    "number": "257",
    "title": "Hostage",
    "image": "images/257_hostage.png"
  },
  {
    "number": "256",
    "title": "Reverse doggy",
    "image": "images/256_reverse_doggy.png"
  },
  {
    "number": "255",
    "title": "Rocking chair",
    "image": "images/255_rocking_chair.png"
  },
  {
    "number": "254",
    "title": "Asteroid",
    "image": "images/254_asteroid.png"
  },
  {
    "number": "253",
    "title": "Unique styles",
    "image": "images/253_unique_styles.png"
  },
  {
    "number": "252",
    "title": "Fifth element",
    "image": "images/252_fifth_element.png"
  },
  {
    "number": "251",
    "title": "Soft landing",
    "image": "images/251_soft_landing.png"
  },
  {
    "number": "250",
    "title": "Superhero",
    "image": "images/250_superhero.png"
  },
  {
    "number": "249",
    "title": "Mature lady",
    "image": "images/249_mature_lady.png"
  },
  {
    "number": "248",
    "title": "Legs on shoulders",
    "image": "images/248_legs_on_shoulders.png"
  },
  {
    "number": "247",
    "title": "Japan",
    "image": "images/247_japan.png"
  },
  {
    "number": "246",
    "title": "Ladyboy",
    "image": "images/246_ladyboy.png"
  },
  {
    "number": "374",
    "title": "Inseminator",
    "image": "images/374_inseminator.png"
  },
  {
    "number": "363",
    "title": "Young stallion",
    "image": "images/363_young_stallion.png"
  },
  {
    "number": "379",
    "title": "Master",
    "image": "images/379_master.png"
  },
  {
    "number": "245",
    "title": "Capricorn",
    "image": "images/245_capricorn.png"
  },
  {
    "number": "244",
    "title": "Libra",
    "image": "images/244_libra.png"
  },
  {
    "number": "243",
    "title": "Plow",
    "image": "images/243_plow.png"
  },
  {
    "number": "242",
    "title": "Gemini",
    "image": "images/242_gemini.png"
  },
  {
    "number": "241",
    "title": "Wheelbarrow",
    "image": "images/241_wheelbarrow.png"
  },
  {
    "number": "240",
    "title": "Lotus Flower",
    "image": "images/240_lotus_flower.png"
  },
  {
    "number": "239",
    "title": "Fusion",
    "image": "images/239_fusion.png"
  },
  {
    "number": "238",
    "title": "Clock",
    "image": "images/238_clock.png"
  },
  {
    "number": "237",
    "title": "Hot Lunch",
    "image": "images/237_hot_lunch.png"
  },
  {
    "number": "236",
    "title": "Concubine",
    "image": "images/236_concubine.png"
  },
  {
    "number": "235",
    "title": "Leapfrog",
    "image": "images/235_leapfrog.png"
  },
  {
    "number": "234",
    "title": "Torch",
    "image": "images/234_torch.png"
  },
  {
    "number": "233",
    "title": "Spork",
    "image": "images/233_spork.png"
  },
  {
    "number": "232",
    "title": "Fire Hydrant",
    "image": "images/232_fire_hydrant.png"
  },
  {
    "number": "231",
    "title": "Lace",
    "image": "images/231_lace.png"
  },
  {
    "number": "230",
    "title": "Downward Dog",
    "image": "images/230_downward_dog.png"
  },
  {
    "number": "229",
    "title": "Eiffel Tower",
    "image": "images/229_eiffel_tower.png"
  },
  {
    "number": "228",
    "title": "Spring",
    "image": "images/228_spring.png"
  },
  {
    "number": "227",
    "title": "Spiderman",
    "image": "images/227_spiderman.png"
  },
  {
    "number": "226",
    "title": "London Bridge",
    "image": "images/226_london_bridge.png"
  },
  {
    "number": "225",
    "title": "Elephant",
    "image": "images/225_elephant.png"
  },
  {
    "number": "224",
    "title": "Scissor",
    "image": "images/224_scissor.png"
  },
  {
    "number": "223",
    "title": "Zeus",
    "image": "images/223_zeus.png"
  },
  {
    "number": "222",
    "title": "Orchid",
    "image": "images/222_orchid.png"
  },
  {
    "number": "221",
    "title": "Helicopter",
    "image": "images/221_helicopter.png"
  },
  {
    "number": "220",
    "title": "Bicycle",
    "image": "images/220_bicycle.png"
  },
  {
    "number": "219",
    "title": "Caramel",
    "image": "images/219_caramel.png"
  },
  {
    "number": "218",
    "title": "Corkscrew",
    "image": "images/218_corkscrew.png"
  },
  {
    "number": "217",
    "title": "Python",
    "image": "images/217_python.png"
  },
  {
    "number": "216",
    "title": "Watch",
    "image": "images/216_watch.png"
  },
  {
    "number": "215",
    "title": "Cradle",
    "image": "images/215_cradle.png"
  },
  {
    "number": "214",
    "title": "Unicorn",
    "image": "images/214_unicorn.png"
  },
  {
    "number": "213",
    "title": "Staff",
    "image": "images/213_staff.png"
  },
  {
    "number": "212",
    "title": "Virgo",
    "image": "images/212_virgo.png"
  },
  {
    "number": "211",
    "title": "Emperor",
    "image": "images/211_emperor.png"
  },
  {
    "number": "210",
    "title": "Prison Guard",
    "image": "images/210_prison_guard.png"
  },
  {
    "number": "209",
    "title": "Captain",
    "image": "images/209_captain.png"
  },
  {
    "number": "208",
    "title": "Cello",
    "image": "images/208_cello.png"
  },
  {
    "number": "207",
    "title": "Piledriver",
    "image": "images/207_piledriver.png"
  },
  {
    "number": "206",
    "title": "Crucifixion",
    "image": "images/206_crucifixion.png"
  },
  {
    "number": "205",
    "title": "Puzzle",
    "image": "images/205_puzzle.png"
  },
  {
    "number": "204",
    "title": "T Square",
    "image": "images/204_t_square.png"
  },
  {
    "number": "203",
    "title": "Jackhammer",
    "image": "images/203_jackhammer.png"
  },
  {
    "number": "202",
    "title": "Pisces",
    "image": "images/202_pisces.png"
  },
  {
    "number": "201",
    "title": "Fan",
    "image": "images/201_fan.png"
  },
  {
    "number": "200",
    "title": "Taurus",
    "image": "images/200_taurus.png"
  },
  {
    "number": "199",
    "title": "Nirvana",
    "image": "images/199_nirvana.png"
  },
  {
    "number": "198",
    "title": "Leopard",
    "image": "images/198_leopard.png"
  },
  {
    "number": "197",
    "title": "Spider Monkey",
    "image": "images/197_spider_monkey.png"
  },
  {
    "number": "196",
    "title": "Airplane",
    "image": "images/196_airplane.png"
  },
  {
    "number": "195",
    "title": "Bridge",
    "image": "images/195_bridge.png"
  },
  {
    "number": "194",
    "title": "Ribbon (reverse spoon)",
    "image": "images/194_ribbon_reverse_spoon.png"
  },
  {
    "number": "193",
    "title": "Plumber",
    "image": "images/193_plumber.png"
  },
  {
    "number": "192",
    "title": "Dragon",
    "image": "images/192_dragon.png"
  },
  {
    "number": "191",
    "title": "Liana",
    "image": "images/191_liana.png"
  },
  {
    "number": "190",
    "title": "Cowboy",
    "image": "images/190_cowboy.png"
  },
  {
    "number": "189",
    "title": "Oath",
    "image": "images/189_oath.png"
  },
  {
    "number": "188",
    "title": "Hero",
    "image": "images/188_hero.png"
  },
  {
    "number": "187",
    "title": "Ice cream",
    "image": "images/187_ice_cream.png"
  },
  {
    "number": "186",
    "title": "Brute",
    "image": "images/186_brute.png"
  },
  {
    "number": "185",
    "title": "Backwards Cowgirl",
    "image": "images/185_backwards_cowgirl.png"
  },
  {
    "number": "184",
    "title": "Spider",
    "image": "images/184_spider.png"
  },
  {
    "number": "183",
    "title": "Tamer",
    "image": "images/183_tamer.png"
  },
  {
    "number": "182",
    "title": "Bud",
    "image": "images/182_bud.png"
  },
  {
    "number": "181",
    "title": "Sphinx",
    "image": "images/181_sphinx.png"
  },
  {
    "number": "180",
    "title": "Reflection",
    "image": "images/180_reflection.png"
  },
  {
    "number": "179",
    "title": "Leo",
    "image": "images/179_leo.png"
  },
  {
    "number": "178",
    "title": "Poplar",
    "image": "images/178_poplar.png"
  },
  {
    "number": "177",
    "title": "Splitting bamboo",
    "image": "images/177_splitting_bamboo.png"
  },
  {
    "number": "176",
    "title": "Iron",
    "image": "images/176_iron.png"
  },
  {
    "number": "175",
    "title": "Overpass",
    "image": "images/175_overpass.png"
  },
  {
    "number": "174",
    "title": "Aries",
    "image": "images/174_aries.png"
  },
  {
    "number": "173",
    "title": "Arch",
    "image": "images/173_arch.png"
  },
  {
    "number": "172",
    "title": "Marmalade",
    "image": "images/172_marmalade.png"
  },
  {
    "number": "171",
    "title": "Mexican Halloween",
    "image": "images/171_mexican_halloween.png"
  },
  {
    "number": "170",
    "title": "Valedictorian",
    "image": "images/170_valedictorian.png"
  },
  {
    "number": "169",
    "title": "Snake",
    "image": "images/169_snake.png"
  },
  {
    "number": "168",
    "title": "Jellyfish",
    "image": "images/168_jellyfish.png"
  },
  {
    "number": "167",
    "title": "Surf Board",
    "image": "images/167_surf_board.png"
  },
  {
    "number": "166",
    "title": "Hill",
    "image": "images/166_hill.png"
  },
  {
    "number": "165",
    "title": "Bow",
    "image": "images/165_bow.png"
  },
  {
    "number": "164",
    "title": "Frog",
    "image": "images/164_frog.png"
  },
  {
    "number": "163",
    "title": "Eagle",
    "image": "images/163_eagle.png"
  },
  {
    "number": "162",
    "title": "Sledge",
    "image": "images/162_sledge.png"
  },
  {
    "number": "161",
    "title": "Amazon",
    "image": "images/161_amazon.png"
  },
  {
    "number": "160",
    "title": "Glass",
    "image": "images/160_glass.png"
  },
  {
    "number": "159",
    "title": "Angry Pirate",
    "image": "images/159_angry_pirate.png"
  },
  {
    "number": "158",
    "title": "Train",
    "image": "images/158_train.png"
  },
  {
    "number": "157",
    "title": "Pisces",
    "image": "images/157_pisces.png"
  },
  {
    "number": "156",
    "title": "Twins",
    "image": "images/156_twins.png"
  },
  {
    "number": "155",
    "title": "Jockey",
    "image": "images/155_jockey.png"
  },
  {
    "number": "154",
    "title": "Trunk",
    "image": "images/154_trunk.png"
  },
  {
    "number": "153",
    "title": "Bow",
    "image": "images/153_bow.png"
  },
  {
    "number": "152",
    "title": "Honeymoon",
    "image": "images/152_honeymoon.png"
  },
  {
    "number": "151",
    "title": "Twix",
    "image": "images/151_twix.png"
  },
  {
    "number": "150",
    "title": "Reverse Cowgirl",
    "image": "images/150_reverse_cowgirl.png"
  },
  {
    "number": "149",
    "title": "Ball",
    "image": "images/149_ball.png"
  },
  {
    "number": "148",
    "title": "Plaid",
    "image": "images/148_plaid.png"
  },
  {
    "number": "147",
    "title": "Batman",
    "image": "images/147_batman.png"
  },
  {
    "number": "146",
    "title": "Emmanuel",
    "image": "images/146_emmanuel.png"
  },
  {
    "number": "145",
    "title": "Zombie",
    "image": "images/145_zombie.png"
  },
  {
    "number": "144",
    "title": "Stick Figure",
    "image": "images/144_stick_figure.png"
  },
  {
    "number": "143",
    "title": "Prone bone",
    "image": "images/143_prone_bone.png"
  },
  {
    "number": "142",
    "title": "Rabbit Ears",
    "image": "images/142_rabbit_ears.png"
  },
  {
    "number": "141",
    "title": "She-wolf",
    "image": "images/141_she-wolf.png"
  },
  {
    "number": "140",
    "title": "Doggy Style",
    "image": "images/140_doggy_style.png"
  },
  {
    "number": "139",
    "title": "Rainbow",
    "image": "images/139_rainbow.png"
  },
  {
    "number": "138",
    "title": "Asian Cowgirl",
    "image": "images/138_asian_cowgirl.png"
  },
  {
    "number": "137",
    "title": "Starfish",
    "image": "images/137_starfish.png"
  },
  {
    "number": "136",
    "title": "Thirst",
    "image": "images/136_thirst.png"
  },
  {
    "number": "135",
    "title": "Anaconda",
    "image": "images/135_anaconda.png"
  },
  {
    "number": "134",
    "title": "Goddess",
    "image": "images/134_goddess.png"
  },
  {
    "number": "133",
    "title": "Amphibian",
    "image": "images/133_amphibian.png"
  },
  {
    "number": "132",
    "title": "Female peasant",
    "image": "images/132_female_peasant.png"
  },
  {
    "number": "131",
    "title": "Plain",
    "image": "images/131_plain.png"
  },
  {
    "number": "130",
    "title": "Ballet dancer",
    "image": "images/130_ballet_dancer.png"
  },
  {
    "number": "129",
    "title": "Octopus",
    "image": "images/129_octopus.png"
  },
  {
    "number": "128",
    "title": "Lap Dance",
    "image": "images/128_lap_dance.png"
  },
  {
    "number": "127",
    "title": "Acrobat",
    "image": "images/127_acrobat.png"
  },
  {
    "number": "126",
    "title": "Italian Chandelier",
    "image": "images/126_italian_chandelier.png"
  },
  {
    "number": "125",
    "title": "Alley",
    "image": "images/125_alley.png"
  },
  {
    "number": "124",
    "title": "Clip",
    "image": "images/124_clip.png"
  },
  {
    "number": "123",
    "title": "Mirage",
    "image": "images/123_mirage.png"
  },
  {
    "number": "122",
    "title": "Eraser",
    "image": "images/122_eraser.png"
  },
  {
    "number": "121",
    "title": "Pointer",
    "image": "images/121_pointer.png"
  },
  {
    "number": "120",
    "title": "Aquarius",
    "image": "images/120_aquarius.png"
  },
  {
    "number": "119",
    "title": "Barberry",
    "image": "images/119_barberry.png"
  },
  {
    "number": "118",
    "title": "Superman",
    "image": "images/118_superman.png"
  },
  {
    "number": "117",
    "title": "Pretzel Dip",
    "image": "images/117_pretzel_dip.png"
  },
  {
    "number": "116",
    "title": "Reverse Cowboy",
    "image": "images/116_reverse_cowboy.png"
  },
  {
    "number": "115",
    "title": "Anvil",
    "image": "images/115_anvil.png"
  },
  {
    "number": "114",
    "title": "Chair",
    "image": "images/114_chair.png"
  },
  {
    "number": "113",
    "title": "Cowgirl",
    "image": "images/113_cowgirl.png"
  },
  {
    "number": "112",
    "title": "Joystick",
    "image": "images/112_joystick.png"
  },
  {
    "number": "111",
    "title": "Horizon",
    "image": "images/111_horizon.png"
  },
  {
    "number": "110",
    "title": "Tiramisu",
    "image": "images/110_tiramisu.png"
  },
  {
    "number": "109",
    "title": "Golden Gate",
    "image": "images/109_golden_gate.png"
  },
  {
    "number": "108",
    "title": "Caliper",
    "image": "images/108_caliper.png"
  },
  {
    "number": "107",
    "title": "Scorpion",
    "image": "images/107_scorpion.png"
  },
  {
    "number": "106",
    "title": "Dolphin",
    "image": "images/106_dolphin.png"
  },
  {
    "number": "105",
    "title": "Basket",
    "image": "images/105_basket.png"
  },
  {
    "number": "104",
    "title": "Praying Mantis",
    "image": "images/104_praying_mantis.png"
  },
  {
    "number": "103",
    "title": "Flash",
    "image": "images/103_flash.png"
  },
  {
    "number": "102",
    "title": "Libido",
    "image": "images/102_libido.png"
  },
  {
    "number": "101",
    "title": "Watering can",
    "image": "images/101_watering_can.png"
  },
  {
    "number": "100",
    "title": "Accordion",
    "image": "images/100_accordion.png"
  },
  {
    "number": "99",
    "title": "Blade",
    "image": "images/99_blade.png"
  },
  {
    "number": "98",
    "title": "Snail",
    "image": "images/98_snail.png"
  },
  {
    "number": "97",
    "title": "Shining",
    "image": "images/97_shining.png"
  },
  {
    "number": "96",
    "title": "Seesaw",
    "image": "images/96_seesaw.png"
  },
  {
    "number": "95",
    "title": "Flatiron",
    "image": "images/95_flatiron.png"
  },
  {
    "number": "94",
    "title": "Narcissus",
    "image": "images/94_narcissus.png"
  },
  {
    "number": "93",
    "title": "Diamond",
    "image": "images/93_diamond.png"
  },
  {
    "number": "92",
    "title": "Screwdriver",
    "image": "images/92_screwdriver.png"
  },
  {
    "number": "91",
    "title": "Iris",
    "image": "images/91_iris.png"
  },
  {
    "number": "90",
    "title": "Bench",
    "image": "images/90_bench.png"
  },
  {
    "number": "89",
    "title": "Dejavu",
    "image": "images/89_dejavu.png"
  },
  {
    "number": "88",
    "title": "Belt",
    "image": "images/88_belt.png"
  },
  {
    "number": "87",
    "title": "Discharge",
    "image": "images/87_discharge.png"
  },
  {
    "number": "86",
    "title": "Forbidden Fruit",
    "image": "images/86_forbidden_fruit.png"
  },
  {
    "number": "85",
    "title": "Scorpio",
    "image": "images/85_scorpio.png"
  },
  {
    "number": "84",
    "title": "Olympus",
    "image": "images/84_olympus.png"
  },
  {
    "number": "83",
    "title": "Depth",
    "image": "images/83_depth.png"
  },
  {
    "number": "82",
    "title": "Venus",
    "image": "images/82_venus.png"
  },
  {
    "number": "81",
    "title": "Lock",
    "image": "images/81_lock.png"
  },
  {
    "number": "80",
    "title": "Avalanche",
    "image": "images/80_avalanche.png"
  },
  {
    "number": "79",
    "title": "Rodeo",
    "image": "images/79_rodeo.png"
  },
  {
    "number": "78",
    "title": "Cradle",
    "image": "images/78_cradle.png"
  },
  {
    "number": "77",
    "title": "Crab",
    "image": "images/77_crab.png"
  },
  {
    "number": "76",
    "title": "Butterfly",
    "image": "images/76_butterfly.png"
  },
  {
    "number": "75",
    "title": "Symphony",
    "image": "images/75_symphony.png"
  },
  {
    "number": "74",
    "title": "Shell",
    "image": "images/74_shell.png"
  },
  {
    "number": "73",
    "title": "Yin-Yang",
    "image": "images/73_yin-yang.png"
  },
  {
    "number": "72",
    "title": "Workout",
    "image": "images/72_workout.png"
  },
  {
    "number": "71",
    "title": "Lazy Dog",
    "image": "images/71_lazy_dog.png"
  },
  {
    "number": "70",
    "title": "Mermaid",
    "image": "images/70_mermaid.png"
  },
  {
    "number": "69",
    "title": "Sixty-nine",
    "image": "images/69_sixty-nine.png"
  },
  {
    "number": "68",
    "title": "Bulldog",
    "image": "images/68_bulldog.png"
  },
  {
    "number": "67",
    "title": "Missionary",
    "image": "images/67_missionary.png"
  },
  {
    "number": "66",
    "title": "Rose",
    "image": "images/66_rose.png"
  },
  {
    "number": "65",
    "title": "Case",
    "image": "images/65_case.png"
  },
  {
    "number": "64",
    "title": "Tango",
    "image": "images/64_tango.png"
  },
  {
    "number": "63",
    "title": "Croissant",
    "image": "images/63_croissant.png"
  },
  {
    "number": "62",
    "title": "Mast",
    "image": "images/62_mast.png"
  },
  {
    "number": "61",
    "title": "Speaker",
    "image": "images/61_speaker.png"
  },
  {
    "number": "60",
    "title": "Victory",
    "image": "images/60_victory.png"
  },
  {
    "number": "59",
    "title": "Crab",
    "image": "images/59_crab.png"
  },
  {
    "number": "58",
    "title": "Flying squirrel",
    "image": "images/58_flying_squirrel.png"
  },
  {
    "number": "57",
    "title": "Slope",
    "image": "images/57_slope.png"
  },
  {
    "number": "56",
    "title": "Turtle",
    "image": "images/56_turtle.png"
  },
  {
    "number": "55",
    "title": "Spread Eagle",
    "image": "images/55_spread_eagle.png"
  },
  {
    "number": "54",
    "title": "Tiara",
    "image": "images/54_tiara.png"
  },
  {
    "number": "53",
    "title": "Precipice",
    "image": "images/53_precipice.png"
  },
  {
    "number": "52",
    "title": "Creme brulee",
    "image": "images/52_creme_brulee.png"
  },
  {
    "number": "51",
    "title": "Marsh-mallow",
    "image": "images/51_marsh-mallow.png"
  },
  {
    "number": "50",
    "title": "Bullfighter",
    "image": "images/50_bullfighter.png"
  },
  {
    "number": "49",
    "title": "Hucklebuck",
    "image": "images/49_hucklebuck.png"
  },
  {
    "number": "48",
    "title": "Barbell",
    "image": "images/48_barbell.png"
  },
  {
    "number": "47",
    "title": "Magic Mountain",
    "image": "images/47_magic_mountain.png"
  },
  {
    "number": "46",
    "title": "Sagittarius",
    "image": "images/46_sagittarius.png"
  },
  {
    "number": "45",
    "title": "Aphrodite",
    "image": "images/45_aphrodite.png"
  },
  {
    "number": "44",
    "title": "Casket",
    "image": "images/44_casket.png"
  },
  {
    "number": "43",
    "title": "Submissive",
    "image": "images/43_submissive.png"
  },
  {
    "number": "42",
    "title": "Fall",
    "image": "images/42_fall.png"
  },
  {
    "number": "41",
    "title": "Nun",
    "image": "images/41_nun.png"
  },
  {
    "number": "40",
    "title": "Crouching Tiger",
    "image": "images/40_crouching_tiger.png"
  },
  {
    "number": "39",
    "title": "Bizet",
    "image": "images/39_bizet.png"
  },
  {
    "number": "38",
    "title": "Soldier",
    "image": "images/38_soldier.png"
  },
  {
    "number": "37",
    "title": "Cleopatra",
    "image": "images/37_cleopatra.png"
  },
  {
    "number": "36",
    "title": "Idyll",
    "image": "images/36_idyll.png"
  },
  {
    "number": "35",
    "title": "Flame",
    "image": "images/35_flame.png"
  },
  {
    "number": "34",
    "title": "Cancer",
    "image": "images/34_cancer.png"
  },
  {
    "number": "33",
    "title": "Hook",
    "image": "images/33_hook.png"
  },
  {
    "number": "32",
    "title": "Ecstasy",
    "image": "images/32_ecstasy.png"
  },
  {
    "number": "31",
    "title": "Clip",
    "image": "images/31_clip.png"
  },
  {
    "number": "30",
    "title": "Backshot",
    "image": "images/30_backshot.png"
  },
  {
    "number": "29",
    "title": "Harmony",
    "image": "images/29_harmony.png"
  },
  {
    "number": "28",
    "title": "Ape",
    "image": "images/28_ape.png"
  },
  {
    "number": "27",
    "title": "Rider",
    "image": "images/27_rider.png"
  },
  {
    "number": "26",
    "title": "Binding",
    "image": "images/26_binding.png"
  },
  {
    "number": "25",
    "title": "Sex Slave",
    "image": "images/25_sex_slave.png"
  },
  {
    "number": "24",
    "title": "Gorge",
    "image": "images/24_gorge.png"
  },
  {
    "number": "23",
    "title": "Book",
    "image": "images/23_book.png"
  },
  {
    "number": "22",
    "title": "Indian Style",
    "image": "images/22_indian_style.png"
  },
  {
    "number": "21",
    "title": "Speed Bump",
    "image": "images/21_speed_bump.png"
  },
  {
    "number": "20",
    "title": "Wall",
    "image": "images/20_wall.png"
  },
  {
    "number": "19",
    "title": "Sprout",
    "image": "images/19_sprout.png"
  },
  {
    "number": "18",
    "title": "Waterfall",
    "image": "images/18_waterfall.png"
  },
  {
    "number": "17",
    "title": "Basset Hound",
    "image": "images/17_basset_hound.png"
  },
  {
    "number": "16",
    "title": "Tornado",
    "image": "images/16_tornado.png"
  },
  {
    "number": "15",
    "title": "Swing",
    "image": "images/15_swing.png"
  },
  {
    "number": "14",
    "title": "Tulip",
    "image": "images/14_tulip.png"
  },
  {
    "number": "13",
    "title": "Spoon",
    "image": "images/13_spoon.png"
  },
  {
    "number": "12",
    "title": "Whisper",
    "image": "images/12_whisper.png"
  },
  {
    "number": "11",
    "title": "Inquisitor",
    "image": "images/11_inquisitor.png"
  },
  {
    "number": "10",
    "title": "Circle",
    "image": "images/10_circle.png"
  },
  {
    "number": "9",
    "title": "Disco",
    "image": "images/9_disco.png"
  },
  {
    "number": "8",
    "title": "Boat",
    "image": "images/8_boat.png"
  },
  {
    "number": "7",
    "title": "Candle",
    "image": "images/7_candle.png"
  },
  {
    "number": "6",
    "title": "Straddle",
    "image": "images/6_straddle.png"
  },
  {
    "number": "5",
    "title": "Aquarius",
    "image": "images/5_aquarius.png"
  },
  {
    "number": "4",
    "title": "Clapper",
    "image": "images/4_clapper.png"
  },
  {
    "number": "3",
    "title": "Cat",
    "image": "images/3_cat.png"
  },
  {
    "number": "2",
    "title": "Mermaid",
    "image": "images/2_mermaid.png"
  },
  {
    "number": "1",
    "title": "Shuttle",
    "image": "images/1_shuttle.png"
  }
]